{
    "Player": {
        "Test1": 92,
        "Test2": 82.39600372314453,
        "Test3": [
            5.199999809265137,
            -3.5999999046325684,
            -5.385000228881836
        ]
    }
}
